nom,label
0003717662-666x388.jpg,dirty
00546_01.jpg,clean
00566_02.jpg,clean
00569_03.jpg,dirty
00594_00.jpg,clean
00798_02.jpg,clean
00829_07.jpg,clean
01300_00.jpg,dirty
01670_07.jpg,dirty
01787_01.jpg,clean
01906_01.jpg,dirty
02136_04.jpg,clean
02248_00.jpg,dirty
02587_03.jpg,clean
02752_02.jpg,clean
02887_03.jpg,dirty
03060_07.jpg,clean
03213_03.jpg,clean
0dd71fdd2db2d0beb278eddb5692a156fb79a40c.temp.jpeg,dirty
1080.full.jpeg,clean
1300.full.jpeg,dirty
1576.full.jpeg,dirty
1700.full.jpeg,clean
1794.full.jpeg,dirty
1992.full.jpeg,dirty
20161214fg_0056_1200w.jpg,dirty
2752.full.jpeg,dirty
42c85ef764ff1f8b34baad092bc87341f3b8e82f.temp.jpeg,clean
4908.full.jpeg,dirty
5282.full.jpeg,dirty
5440.full.jpeg,dirty
5533.full.jpeg,clean
850.full.jpeg,dirty
908.full.jpeg,dirty
9d3051c4eee56a8149ed45d695d85093e6eee9a5.temp.jpeg,dirty
b0cf2c54e4558b1171d4cb3b92dd7287fab0d964.temp.jpeg,dirty
b4582c0689d487a40b80d52f2bfb5abfa9304228.temp.jpeg,dirty
basura-702x395.jpg,dirty
dsc0132_4.jpg.png,clean
fc026b24f61b2165d89b588538270940d3dc700b.temp.jpeg,dirty
WhatsApp Image 2020-05-08 at 2.18.58 PM.jpeg,dirty
WhatsApp Image 2020-05-08 at 2.21.54 PM (4).jpeg,dirty
WhatsApp Image 2020-05-09 at 2.08.14 PM (3).jpeg,clean
WhatsApp Image 2020-05-10 at 3.38.05 PM (11).jpeg,clean
WhatsApp Image 2020-05-10 at 4.59.16 PM (8).jpeg,clean
WhatsApp Image 2020-05-10 at 5.07.37 PM (1).jpeg,dirty
WhatsApp Image 2020-05-10 at 5.07.37 PM (5).jpeg,clean
WhatsApp Image 2020-05-11 at 12.41.25 AM (5).jpeg,clean
WhatsApp Image 2020-05-12 at 9.01.11 AM (27).jpeg,dirty
WhatsApp Image 2020-05-18 at 11.21.17 AM (6).jpeg,dirty
WhatsApp Image 2020-05-18 at 11.57.03 AM (5).jpeg,dirty
WhatsApp Image 2020-05-24 at 5.18.12 PM (5).jpeg,dirty
WhatsApp Image 2020-05-24 at 5.18.12 PM (8).jpeg,clean
WhatsApp Image 2020-05-24 at 5.24.32 PM (6).jpeg,clean
WhatsApp Image 2020-06-29 at 8.55.43 AM (1).jpeg,clean
WhatsApp Image 2020-07-06 at 9.41.53 AM (1).jpeg,dirty
WhatsApp Image 2020-07-11 at 5.57.47 PM (6).jpeg,dirty
WhatsApp Image 2020-07-11 at 8.43.02 PM (1).jpeg,dirty
WhatsApp Image 2020-07-12 at 6.25.07 PM (2).jpeg,dirty
WhatsApp Image 2020-08-11 at 9.54.56 AM.jpeg,dirty
WhatsApp Image 2020-08-20 at 9.03.05 AM.jpeg,dirty
WhatsApp Image 2020-08-21 at 9.54.56 AM (4).jpeg,clean
WhatsApp Image 2020-08-25 at 12.56.50 PM (2).jpeg,clean
WhatsApp Image 2020-08-27 at 3.44.11 PM (5).jpeg,dirty
WhatsApp Image 2020-09-21 at 8.53.14 AM.jpeg,clean
WhatsApp Image 2020-09-21 at 8.53.15 AM (1).jpeg,clean
WhatsApp Image 2020-09-24 at 8.49.45 AM (3).jpeg,dirty
WhatsApp Image 2020-09-27 at 5.34.18 PM (3).jpeg,clean
WhatsApp Image 2020-09-27 at 6.47.12 PM (2).jpeg,dirty
WhatsApp Image 2020-09-30 at 4.07.03 PM.jpeg,dirty
WhatsApp Image 2020-09-30 at 4.07.58 PM.jpeg,dirty
WhatsApp Image 2020-10-03 at 1.20.09 PM (1).jpeg,clean
WhatsApp Image 2020-10-04 at 10.35.23 AM (9).jpeg,clean
WhatsApp Image 2020-10-04 at 10.35.23 AM.jpeg,clean
WhatsApp Image 2020-10-10 at 12.11.11 PM (2).jpeg,clean
WhatsApp Image 2020-10-10 at 2.40.51 PM (1).jpeg,clean
WhatsApp Image 2020-10-14 at 10.34.29 PM.jpeg,dirty
WhatsApp Image 2020-10-15 at 9.23.28 AM (2).jpeg,clean
WhatsApp Image 2020-10-20 at 7.14.11 PM (10).jpeg,clean
WhatsApp Image 2020-10-20 at 7.29.51 PM (2).jpeg,clean
WhatsApp Image 2020-10-26 at 9.19.12 AM.jpeg,clean
WhatsApp Image 2020-10-26 at 9.19.14 AM (1).jpeg,clean
WhatsApp Image 2020-10-26 at 9.25.11 AM (2).jpeg,clean
WhatsApp Image 2020-10-27 at 9.33.26 AM (19).jpeg,clean
WhatsApp Image 2020-11-02 at 7.23.13 PM (5).jpeg,clean
WhatsApp Image 2020-11-16 at 8.37.14 PM.jpeg,dirty
WhatsApp Image 2020-12-25 at 1.00.10 PM (3).jpeg,dirty
WhatsApp Image 2020-12-26 at 12.36.51 AM.jpeg,dirty
WhatsApp Image 2020-12-26 at 12.36.52 AM.jpeg,dirty
WhatsApp Image 2020-12-26 at 12.36.54 AM.jpeg,dirty
WhatsApp Image 2020-12-26 at 12.38.09 AM (4).jpeg,dirty
WhatsApp Image 2020-12-26 at 12.38.10 AM (2).jpeg,dirty
WhatsApp Image 2020-12-26 at 12.39.52 AM (1).jpeg,dirty
WhatsApp Image 2020-12-26 at 12.39.52 AM (2).jpeg,dirty
WhatsApp Image 2020-12-26 at 12.39.54 AM (5).jpeg,dirty
WhatsApp Image 2020-12-26 at 12.40.49 AM.jpeg,dirty
WhatsApp Image 2020-12-26 at 4.28.25 PM.jpeg,clean
WhatsApp Image 2020-12-30 at 9.05.14 AM (1).jpeg,dirty
WhatsApp Image 2021-01-11 at 9.15.38 AM.jpeg,clean
WhatsApp Image 2021-01-29 at 6.23.22 PM.jpeg,clean
